COUNTRY,INDICATOR,FREQUENCY,TIME_PERIOD,OBS_VALUE,SCALE
"Taiwan Province of China","Unemployment rate",Annual,2025,3.39,Units
"Taiwan Province of China","All Items, Consumer price index (CPI), Period average, percent change",Annual,2025,1.73,Units
Vietnam,"All Items, Consumer price index (CPI), Period average, percent change",Annual,2025,3.40,Units
"Korea, Republic of","All Items, Consumer price index (CPI), Period average, percent change",Annual,2025,1.99,Units
Mongolia,"All Items, Consumer price index (CPI), Period average, percent change",Annual,2025,8.27,Units
"Macao Special Administrative Region, People's Republic of China","Unemployment rate",Annual,2025,1.70,Units
Cambodia,"Gross domestic product (GDP), Constant prices, Percent change, Domestic currency",Annual,2025,4.77,Units
"Korea, Republic of","Gross domestic product (GDP), Constant prices, Percent change, Domestic currency",Annual,2025,0.90,Units
"Brunei Darussalam","Gross domestic product (GDP), Constant prices, Percent change, Domestic currency",Annual,2025,1.80,Units
Kiribati,"All Items, Consumer price index (CPI), Period average, percent change",Annual,2025,7.79,Units
Singapore,"Gross domestic product (GDP), Constant prices, Percent change, Domestic currency",Annual,2025,2.23,Units
"Palau, Republic of","Gross domestic product (GDP), Constant prices, Percent change, Domestic currency",Annual,2025,4.49,Units
"Solomon Islands","All Items, Consumer price index (CPI), Period average, percent change",Annual,2025,3.44,Units
Vietnam,"Unemployment rate",Annual,2025,2.25,Units
Philippines,"Gross domestic product (GDP), Constant prices, Percent change, Domestic currency",Annual,2025,5.44,Units
"Papua New Guinea","All Items, Consumer price index (CPI), Period average, percent change",Annual,2025,4.79,Units
Samoa,"All Items, Consumer price index (CPI), Period average, percent change",Annual,2025,1.83,Units
Bangladesh,"All Items, Consumer price index (CPI), Period average, percent change",Annual,2025,10.03,Units
Vanuatu,"Gross domestic product (GDP), Constant prices, Percent change, Domestic currency",Annual,2025,1.67,Units
Singapore,"All Items, Consumer price index (CPI), Period average, percent change",Annual,2025,0.93,Units
Bhutan,"All Items, Consumer price index (CPI), Period average, percent change",Annual,2025,2.42,Units
"Fiji, Republic of","Gross domestic product (GDP), Constant prices, Percent change, Domestic currency",Annual,2025,3.19,Units
"Papua New Guinea","Gross domestic product (GDP), Constant prices, Percent change, Domestic currency",Annual,2025,4.74,Units
Malaysia,"Unemployment rate",Annual,2025,3.00,Units
Mongolia,"Unemployment rate",Annual,2025,5.00,Units
Philippines,"All Items, Consumer price index (CPI), Period average, percent change",Annual,2025,1.61,Units
Vietnam,"Gross domestic product (GDP), Constant prices, Percent change, Domestic currency",Annual,2025,6.46,Units
"New Zealand","All Items, Consumer price index (CPI), Period average, percent change",Annual,2025,2.74,Units
"Lao People's Democratic Republic","All Items, Consumer price index (CPI), Period average, percent change",Annual,2025,7.84,Units
Tonga,"All Items, Consumer price index (CPI), Period average, percent change",Annual,2025,2.94,Units
Malaysia,"All Items, Consumer price index (CPI), Period average, percent change",Annual,2025,1.59,Units
Maldives,"All Items, Consumer price index (CPI), Period average, percent change",Annual,2025,3.87,Units
"China, People's Republic of","Unemployment rate",Annual,2025,5.10,Units
"Hong Kong Special Administrative Region, People's Republic of China","Gross domestic product (GDP), Constant prices, Percent change, Domestic currency",Annual,2025,2.44,Units
"Fiji, Republic of","Unemployment rate",Annual,2025,5.50,Units
Indonesia,"Gross domestic product (GDP), Constant prices, Percent change, Domestic currency",Annual,2025,4.86,Units
Australia,"All Items, Consumer price index (CPI), Period average, percent change",Annual,2025,2.58,Units
"Micronesia, Federated States of","All Items, Consumer price index (CPI), Period average, percent change",Annual,2025,4.08,Units
Indonesia,"Unemployment rate",Annual,2025,5.00,Units
"Fiji, Republic of","All Items, Consumer price index (CPI), Period average, percent change",Annual,2025,0.10,Units
Tuvalu,"Gross domestic product (GDP), Constant prices, Percent change, Domestic currency",Annual,2025,3.02,Units
"Brunei Darussalam","Unemployment rate",Annual,2025,4.80,Units
Cambodia,"All Items, Consumer price index (CPI), Period average, percent change",Annual,2025,1.63,Units
Bhutan,"Gross domestic product (GDP), Constant prices, Percent change, Domestic currency",Annual,2025,6.79,Units
"Micronesia, Federated States of","Gross domestic product (GDP), Constant prices, Percent change, Domestic currency",Annual,2025,0.99,Units
"Hong Kong Special Administrative Region, People's Republic of China","All Items, Consumer price index (CPI), Period average, percent change",Annual,2025,1.75,Units
India,"Gross domestic product (GDP), Constant prices, Percent change, Domestic currency",Annual,2025,6.65,Units
"Solomon Islands","Gross domestic product (GDP), Constant prices, Percent change, Domestic currency",Annual,2025,2.71,Units
Myanmar,"Gross domestic product (GDP), Constant prices, Percent change, Domestic currency",Annual,2025,-2.68,Units
Vanuatu,"All Items, Consumer price index (CPI), Period average, percent change",Annual,2025,1.74,Units
"Macao Special Administrative Region, People's Republic of China","Gross domestic product (GDP), Constant prices, Percent change, Domestic currency",Annual,2025,2.59,Units
"Lao People's Democratic Republic","Gross domestic product (GDP), Constant prices, Percent change, Domestic currency",Annual,2025,3.49,Units
Indonesia,"All Items, Consumer price index (CPI), Period average, percent change",Annual,2025,1.84,Units
Samoa,"Gross domestic product (GDP), Constant prices, Percent change, Domestic currency",Annual,2025,2.71,Units
"Macao Special Administrative Region, People's Republic of China","All Items, Consumer price index (CPI), Period average, percent change",Annual,2025,0.50,Units
Thailand,"Gross domestic product (GDP), Constant prices, Percent change, Domestic currency",Annual,2025,2.00,Units
Philippines,"Unemployment rate",Annual,2025,3.87,Units
"Brunei Darussalam","All Items, Consumer price index (CPI), Period average, percent change",Annual,2025,0.40,Units
Thailand,"Unemployment rate",Annual,2025,1.00,Units
"Timor-Leste, Democratic Republic of","All Items, Consumer price index (CPI), Period average, percent change",Annual,2025,0.89,Units
Japan,"All Items, Consumer price index (CPI), Period average, percent change",Annual,2025,3.29,Units
Kiribati,"Gross domestic product (GDP), Constant prices, Percent change, Domestic currency",Annual,2025,3.90,Units
Myanmar,"All Items, Consumer price index (CPI), Period average, percent change",Annual,2025,31.00,Units
Malaysia,"Gross domestic product (GDP), Constant prices, Percent change, Domestic currency",Annual,2025,4.50,Units
Japan,"Gross domestic product (GDP), Constant prices, Percent change, Domestic currency",Annual,2025,1.08,Units
"Marshall Islands, Republic of the","All Items, Consumer price index (CPI), Period average, percent change",Annual,2025,5.18,
Tuvalu,"All Items, Consumer price index (CPI), Period average, percent change",Annual,2025,1.96,Units
"Timor-Leste, Democratic Republic of","Gross domestic product (GDP), Constant prices, Percent change, Domestic currency",Annual,2025,3.90,Units
Bangladesh,"Gross domestic product (GDP), Constant prices, Percent change, Domestic currency",Annual,2025,3.76,Units
Tonga,"Gross domestic product (GDP), Constant prices, Percent change, Domestic currency",Annual,2025,2.72,Units
Maldives,"Gross domestic product (GDP), Constant prices, Percent change, Domestic currency",Annual,2025,4.79,Units
Nepal,"All Items, Consumer price index (CPI), Period average, percent change",Annual,2025,4.06,Units
Mongolia,"Gross domestic product (GDP), Constant prices, Percent change, Domestic currency",Annual,2025,5.50,Units
Australia,"Gross domestic product (GDP), Constant prices, Percent change, Domestic currency",Annual,2025,1.81,Units
"Taiwan Province of China","Gross domestic product (GDP), Constant prices, Percent change, Domestic currency",Annual,2025,3.67,Units
Singapore,"Unemployment rate",Annual,2025,2.09,Units
"Palau, Republic of","All Items, Consumer price index (CPI), Period average, percent change",Annual,2025,1.83,Units
"New Zealand","Unemployment rate",Annual,2025,5.17,Units
India,"Unemployment rate",Annual,2025,4.94,Units
Thailand,"All Items, Consumer price index (CPI), Period average, percent change",Annual,2025,0.15,Units
"Korea, Republic of","Unemployment rate",Annual,2025,3.00,Units
"New Zealand","Gross domestic product (GDP), Constant prices, Percent change, Domestic currency",Annual,2025,0.83,Units
"China, People's Republic of","Gross domestic product (GDP), Constant prices, Percent change, Domestic currency",Annual,2025,4.80,Units
Australia,"Unemployment rate",Annual,2025,4.24,Units
India,"All Items, Consumer price index (CPI), Period average, percent change",Annual,2025,2.82,Units
Japan,"Unemployment rate",Annual,2025,2.57,Units
Nepal,"Gross domestic product (GDP), Constant prices, Percent change, Domestic currency",Annual,2025,4.31,Units
"Marshall Islands, Republic of the","Gross domestic product (GDP), Constant prices, Percent change, Domestic currency",Annual,2025,2.53,
"Hong Kong Special Administrative Region, People's Republic of China","Unemployment rate",Annual,2025,3.37,Units
"China, People's Republic of","All Items, Consumer price index (CPI), Period average, percent change",Annual,2025,0.01,Units
